scale,stop_id,scope_label,copy_heading,plan_room_numbers,UV01_room_codes,UV01_numeric_room_ids,selection_state,all_parts_surface_count,opaque_receiver_surface_count,receiver_pixels,pending_candidates
100,HS01,Entry + Reception,Entry + Reception,100 | 103,100 | 103,1 | 4,plan_identity_mapped_to_existing_UV01_reference_regions,281,267,230247,
100,HS02,Cafe,The Cafe,101,101,2,plan_identity_mapped_to_existing_UV01_reference_regions,202,200,169118,
100,HS03,Student Commons,The Student Commons,102,102,3,plan_identity_mapped_to_existing_UV01_reference_regions,3097,3094,829929,
100,HS04,Admissions Office,Admissions Office,104,104,5,plan_identity_mapped_to_existing_UV01_reference_regions,198,196,138035,
100,HS05,CRI Gallery,CRI Gallery,105,105,6,plan_identity_mapped_to_existing_UV01_reference_regions,301,285,514941,
100,HS06,Corridor / Display Hall,Corridor / Display Hall,106,106,7,plan_identity_mapped_to_existing_UV01_reference_regions,504,480,988206,
100,HS07,Innovation Lab,Innovation Lab,108,108,8,plan_identity_mapped_to_existing_UV01_reference_regions,1337,1336,865300,
100,HS08,ASPIRE Seminar Room,ASPIRE Seminar Room,112,112,12,plan_identity_mapped_to_existing_UV01_reference_regions,821,818,396734,
100,HS09,Collaboration Room (humanities research),Collaboration Room,113,113,13,plan_identity_mapped_to_existing_UV01_reference_regions,721,720,384224,
100,HS10,Trophy Hall / Corridor,Trophy Hall / Corridor,123,123,23,plan_identity_mapped_to_existing_UV01_reference_regions,288,268,669805,
100,HS11,Athletics Office,Athletics Office,,,,pending_room_choice,0,0,0,124 | 125 | 126
100,HS12,Athletics Trainers' Room,Athletics Trainers’ Room,129,129,29,plan_identity_mapped_to_existing_UV01_reference_regions,121,120,335694,
100,HS13,existing Gym,Gym,000,GYM,32,plan_identity_mapped_to_existing_UV01_reference_regions,205,189,4142344,
250,HS01,Entry + Reception,Entry + Reception,100 | 103,100 | 103,1 | 4,plan_identity_mapped_to_existing_UV01_reference_regions,327,305,995016,
250,HS02,Cafe,The Cafe,101,101,2,plan_identity_mapped_to_existing_UV01_reference_regions,216,213,576204,
250,HS03,Student Commons,The Student Commons,102,102,3,plan_identity_mapped_to_existing_UV01_reference_regions,3392,3381,436009,
250,HS04,Admissions Office,Admissions Office,104,104,5,plan_identity_mapped_to_existing_UV01_reference_regions,228,222,626919,
250,HS05,CRI Gallery,CRI Gallery,105,105,6,plan_identity_mapped_to_existing_UV01_reference_regions,478,459,416344,
250,HS06,Corridor / Display Hall,Corridor / Display Hall,106,106,7,plan_identity_mapped_to_existing_UV01_reference_regions,562,539,449052,
250,HS07,Innovation Lab,Innovation Lab,108,108,8,plan_identity_mapped_to_existing_UV01_reference_regions,1617,1609,544214,
250,HS08,ASPIRE Seminar Room,ASPIRE Seminar Room,112,112,12,plan_identity_mapped_to_existing_UV01_reference_regions,886,882,615725,
250,HS09,Collaboration Room (humanities research),Collaboration Room,113,113,13,plan_identity_mapped_to_existing_UV01_reference_regions,787,785,521350,
250,HS10,Trophy Hall / Corridor,Trophy Hall / Corridor,123,123,23,plan_identity_mapped_to_existing_UV01_reference_regions,328,308,595403,
250,HS11,Athletics Office,Athletics Office,,,,pending_room_choice,0,0,0,124 | 125 | 126
250,HS12,Athletics Trainers' Room,Athletics Trainers’ Room,129,129,29,plan_identity_mapped_to_existing_UV01_reference_regions,135,134,781208,
250,HS13,existing Gym,Gym,000,GYM,32,plan_identity_mapped_to_existing_UV01_reference_regions,197,181,1846834,
