"Marker","Label","RawAnnotation","Parts","Faces","Action"
"PH02_Fitness218_001","Bike","48W x 24L","13","202","Retain B05"
"PH02_Fitness218_002","Bike","48W x 24L","13","202","Retain B05"
"PH02_Fitness218_003","Treadmill","72W x 30L","2","94","Replace EQ27"
"PH02_Fitness218_004","Treadmill","72W x 30L","2","94","Replace EQ27"
"PH02_Fitness218_005","Treadmill","72W x 30L","2","94","Replace EQ27"
"PH02_Fitness218_006","Treadmill","72W x 30L","2","94","Replace EQ27"
"PH02_Fitness218_007","Treadmill","72W x 30L","2","94","Replace EQ27"
"PH02_Fitness218_008","Treadmill","72W x 30L","2","94","Replace EQ27"
"PH02_Fitness218_009","Squat Rack / Shoulder Press","57W x 61D","3","18","Replace EQ27"
"PH02_Fitness218_010","Bench","24W x 53L; deliberately inside rack footprint","1","204","Retain B05"
"PH02_Fitness218_011","Squat Rack / Shoulder Press","57W x 61D","3","18","Replace EQ27"
"PH02_Fitness218_012","Bench","24W x 53L; deliberately inside rack footprint","1","204","Retain B05"
"PH02_Fitness218_013","Squat Rack / Shoulder Press","57W x 61D","3","18","Replace EQ27"
"PH02_Fitness218_014","Bench","24W x 53L; deliberately inside rack footprint","1","204","Retain B05"
"PH02_Fitness218_015","Squat Rack / Shoulder Press","57W x 61D","3","18","Replace EQ27"
"PH02_Fitness218_016","Bench","24W x 53L; deliberately inside rack footprint","1","204","Retain B05"
"PH02_Fitness218_017","Squat Rack / Shoulder Press","57W x 61D","3","18","Replace EQ27"
"PH02_Fitness218_018","Bench","24W x 53L; deliberately inside rack footprint","1","204","Retain B05"
"PH02_Fitness218_019","Bike","48W x 24L on labeled Bikes","13","202","Retain B05"
"PH02_Fitness218_020","Bike","48W x 24L on labeled Bikes","13","202","Retain B05"
"PH02_Fitness218_021","Bike","48W x 24L on labeled Bikes","13","202","Retain B05"
"PH02_Fitness218_022","Erg Bike","48W x 24L on labeled Bikes","13","202","Retain B05"
"PH02_Fitness218_023","Erg Bike","48W x 24L on labeled Bikes","13","202","Retain B05"
"PH02_Fitness218_024","Assault Bike","48W x 24L on labeled Bikes","14","240","Retain B05"
"PH02_Fitness218_025","Exercise Ball Rack #2","28W x 28D","13","940","Retain B05"
"PH02_Fitness218_026","Exercise Ball Rack #1","29W x 28D","13","940","Retain B05"
"PH02_Fitness218_027","Core Machine","76W x 37D","11","178","Replace EQ27"
"PH02_Fitness218_028","Stretch Area","96W x 96L","0","0","Retain B05"
"PH02_Fitness218_029","Nautilus Pulldown","62W x 47D","13","222","Replace EQ27"
"PH02_Fitness218_030","Shoulder Press","43W x 48D","11","178","Replace EQ27"
"PH02_Fitness218_031","Exercise Ball Rack #2","28W x 28D","13","940","Retain B05"
"PH02_Fitness218_032","Exercise Ball Rack #1","29W x 28D","13","940","Retain B05"
"PH02_Fitness218_033","Weight Rack","58W x 17D","17","294","Retain B05"
"PH02_Fitness218_034","Weight Rack","47W x 17D","6","68","Retain B05"
"PH02_Fitness218_035","Exercise Bench","18W x 48L","1","86","Retain B05"
"PH02_Fitness218_036","Exercise Bench","18W x 48L","1","86","Retain B05"
"PH02_Fitness218_037","Dumbbell Rack Type#2","83W x 36D","1","844","Retain B05"
"PH02_Fitness218_038","Dumbbell Rack Type#2","83W x 36D","1","844","Retain B05"
"PH02_Fitness218_039","Dumbbell Rack Type#1","65W x 35D","1","844","Retain B05"
"PH02_Fitness218_040","Weight/Chalk storage","17W x 20D","17","294","Retain B05"
"PH02_Fitness218_041","Erg Area","drawn zone","0","0","Retain B05"
"PH02_Fitness218_042","Roller Bar","36W x 23D","0","0","Retain B05"
"PH02_Fitness218_043","Kettle Bell Rack","61W x 20D","53","3702","Retain B05"
"PH02_Fitness218_044","Yoga Mat Storage","20W x 11D","5","78","Retain B05"
"PH02_Fitness218_045","Wall Roller Rack","height unspecified","5","78","Retain B05"
